W/L,Fighter,KD,Total Strikes,Takedowns,Sub Attempts,Round,Time
"Arman Tsarukyan 


Mateusz Gamrot","0
    

      0","15 of 37
    

      10 of 19","40%
    

      52%","19 of 41
    

      11 of 20","1 of 3
    

      0 of 4","0
    

      0","0:46
    

      0:24"
"Arman Tsarukyan 


Mateusz Gamrot","0
    

      0","19 of 64
    

      18 of 38","29%
    

      47%","21 of 68
    

      21 of 41","0 of 2
    

      0 of 1","0
    

      0","0:00
    

      0:10"
"Arman Tsarukyan 


Mateusz Gamrot","0
    

      0","22 of 45
    

      20 of 33","48%
    

      60%","23 of 46
    

      30 of 43","0 of 2
    

      2 of 6","0
    

      0","0:00
    

      1:20"
"Arman Tsarukyan 


Mateusz Gamrot","1
    

      0","16 of 47
    

      13 of 23","34%
    

      56%","18 of 49
    

      18 of 29","0 of 0
    

      2 of 5","0
    

      0","0:24
    

      1:41"
"Arman Tsarukyan 


Mateusz Gamrot","0
    

      0","23 of 54
    

      20 of 25","42%
    

      80%","29 of 60
    

      28 of 33","0 of 1
    

      2 of 5","0
    

      0","0:29
    

      1:23"
"Neil Magny 


Shavkat Rakhmonov","0
    

      0","7 of 10
    

      12 of 20","70%
    

      60%","10 of 16
    

      27 of 38","0 of 0
    

      1 of 1","0
    

      0","0:00
    

      4:43"
"Neil Magny 


Shavkat Rakhmonov","0
    

      0","4 of 12
    

      7 of 16","33%
    

      43%","11 of 19
    

      29 of 41","0 of 0
    

      1 of 1","0
    

      0","0:07
    

      4:23"
"Josh Parisian 


Alan Baudot","0
    

      1","25 of 41
    

      38 of 60","60%
    

      63%","38 of 62
    

      45 of 67","1 of 2
    

      0 of 0","0
    

      0","0:48
    

      1:41"
"Josh Parisian 


Alan Baudot","0
    

      0","17 of 27
    

      11 of 15","62%
    

      73%","64 of 94
    

      11 of 15","2 of 2
    

      0 of 0","0
    

      0","2:21
    

      0:02"
"Thiago Moises 


Christos Giagos","0
    

      0","3 of 4
    

      2 of 5","75%
    

      40%","7 of 9
    

      13 of 16","1 of 2
    

      0 of 0","0
    

      0","2:34
    

      0:00"
"Nate Maness 


Umar Nurmagomedov","0
    

      0","1 of 10
    

      18 of 21","10%
    

      85%","17 of 28
    

      40 of 46","0 of 0
    

      1 of 1","0
    

      0","0:00
    

      3:29"
"Nate Maness 


Umar Nurmagomedov","0
    

      0","0 of 1
    

      21 of 31","0%
    

      67%","18 of 21
    

      32 of 43","0 of 0
    

      1 of 1","0
    

      0","0:00
    

      4:23"
"Nate Maness 


Umar Nurmagomedov","0
    

      0","1 of 9
    

      35 of 48","11%
    

      72%","11 of 19
    

      56 of 72","0 of 0
    

      1 of 2","0
    

      0","0:00
    

      2:57"
"Chris Curtis 


Rodolfo Vieira","0
    

      0","17 of 27
    

      19 of 28","62%
    

      67%","28 of 38
    

      22 of 31","0 of 0
    

      0 of 7","0
    

      0","0:13
    

      1:08"
"Chris Curtis 


Rodolfo Vieira","0
    

      0","46 of 67
    

      41 of 64","68%
    

      64%","49 of 70
    

      42 of 65","0 of 0
    

      0 of 3","0
    

      0","0:04
    

      0:57"
"Chris Curtis 


Rodolfo Vieira","0
    

      0","46 of 80
    

      26 of 53","57%
    

      49%","51 of 85
    

      26 of 53","0 of 0
    

      0 of 10","0
    

      0","0:18
    

      0:00"
"Carlos Ulberg 


Tafon Nchukwi","1
    

      0","15 of 19
    

      3 of 4","78%
    

      75%","15 of 19
    

      3 of 4","0 of 0
    

      0 of 0","0
    

      0","0:04
    

      0:00"
"Shayilan Nuerdanbieke 


TJ Brown","1
    

      0","22 of 42
    

      24 of 49","52%
    

      48%","30 of 50
    

      29 of 55","1 of 2
    

      0 of 1","0
    

      0","2:17
    

      0:05"
"Shayilan Nuerdanbieke 


TJ Brown","0
    

      0","5 of 8
    

      2 of 9","62%
    

      22%","17 of 20
    

      7 of 20","1 of 3
    

      1 of 1","1
    

      0","2:47
    

      1:39"
"Shayilan Nuerdanbieke 


TJ Brown","0
    

      0","20 of 29
    

      16 of 41","68%
    

      39%","39 of 51
    

      22 of 50","1 of 1
    

      0 of 0","1
    

      2","2:28
    

      1:10"
"Raulian Paiva 


Sergey Morozov","0
    

      0","39 of 76
    

      31 of 57","51%
    

      54%","39 of 76
    

      32 of 58","0 of 0
    

      0 of 2","0
    

      0","0:03
    

      0:14"
"Raulian Paiva 


Sergey Morozov","0
    

      0","8 of 16
    

      7 of 14","50%
    

      50%","8 of 16
    

      17 of 26","0 of 0
    

      1 of 5","0
    

      0","0:00
    

      3:51"
"Raulian Paiva 


Sergey Morozov","0
    

      0","16 of 50
    

      30 of 56","32%
    

      53%","16 of 50
    

      33 of 59","1 of 4
    

      1 of 6","0
    

      0","0:10
    

      0:30"
"JP Buys 


Cody Durden","0
    

      1","7 of 11
    

      23 of 30","63%
    

      76%","7 of 11
    

      34 of 41","0 of 2
    

      0 of 0","0
    

      0","0:00
    

      0:26"
"Brian Kelleher 


Mario Bautista","0
    

      0","2 of 3
    

      6 of 17","66%
    

      35%","2 of 3
    

      6 of 17","0 of 0
    

      2 of 2","0
    

      0","0:00
    

      1:28"
"Vanessa Demopoulos 


Jinh Yu Frey","0
    

      0","11 of 32
    

      17 of 45","34%
    

      37%","11 of 32
    

      18 of 46","1 of 1
    

      0 of 1","0
    

      0","0:35
    

      0:00"
"Vanessa Demopoulos 


Jinh Yu Frey","0
    

      0","24 of 52
    

      27 of 56","46%
    

      48%","25 of 53
    

      30 of 59","0 of 4
    

      0 of 0","0
    

      0","0:31
    

      0:02"
"Vanessa Demopoulos 


Jinh Yu Frey","0
    

      0","31 of 55
    

      18 of 32","56%
    

      56%","35 of 59
    

      33 of 48","0 of 2
    

      0 of 0","0
    

      0","3:08
    

      0:09"
"Calvin Kattar 


Josh Emmett","0
    

      0","14 of 39
    

      11 of 35","35%
    

      31%","15 of 40
    

      11 of 35","0 of 0
    

      0 of 1","0
    

      0","0:00
    

      0:02"
"Calvin Kattar 


Josh Emmett","0
    

      0","22 of 78
    

      26 of 73","28%
    

      35%","22 of 78
    

      26 of 73","0 of 0
    

      0 of 0","0
    

      0","0:00
    

      0:00"
"Calvin Kattar 


Josh Emmett","0
    

      0","19 of 66
    

      27 of 77","28%
    

      35%","19 of 66
    

      27 of 77","0 of 0
    

      0 of 0","0
    

      0","0:00
    

      0:00"
"Calvin Kattar 


Josh Emmett","0
    

      0","41 of 106
    

      21 of 80","38%
    

      26%","41 of 106
    

      21 of 80","0 of 0
    

      0 of 2","0
    

      0","0:00
    

      0:02"
"Calvin Kattar 


Josh Emmett","0
    

      0","34 of 86
    

      22 of 67","39%
    

      32%","34 of 86
    

      22 of 67","0 of 0
    

      0 of 1","0
    

      0","0:00
    

      0:00"
"Tim Means 


Kevin Holland","0
    

      0","14 of 34
    

      27 of 70","41%
    

      38%","18 of 40
    

      44 of 89","2 of 4
    

      0 of 0","0
    

      0","1:30
    

      0:02"
"Tim Means 


Kevin Holland","0
    

      0","7 of 12
    

      9 of 20","58%
    

      45%","7 of 12
    

      9 of 20","0 of 1
    

      0 of 1","0
    

      0","0:00
    

      0:07"
"Joaquin Buckley 


Albert Duraev","0
    

      0","13 of 70
    

      7 of 34","18%
    

      20%","13 of 70
    

      7 of 34","0 of 0
    

      0 of 2","0
    

      0","0:00
    

      0:00"
"Joaquin Buckley 


Albert Duraev","2
    

      0","14 of 35
    

      3 of 16","40%
    

      18%","17 of 38
    

      10 of 26","0 of 0
    

      2 of 7","0
    

      0","0:22
    

      1:48"
"Damir Ismagulov 


Guram Kutateladze","0
    

      0","21 of 57
    

      26 of 63","36%
    

      41%","23 of 60
    

      27 of 65","0 of 2
    

      1 of 2","0
    

      0","0:15
    

      0:17"
"Damir Ismagulov 


Guram Kutateladze","0
    

      0","30 of 65
    

      23 of 58","46%
    

      39%","32 of 67
    

      23 of 58","0 of 0
    

      0 of 3","0
    

      0","0:11
    

      0:02"
"Damir Ismagulov 


Guram Kutateladze","0
    

      0","28 of 70
    

      29 of 66","40%
    

      43%","28 of 70
    

      30 of 67","0 of 4
    

      0 of 2","0
    

      0","0:20
    

      0:20"
"Julian Marquez 


Gregory Rodrigues","0
    

      3","13 of 42
    

      49 of 72","30%
    

      68%","13 of 42
    

      50 of 74","0 of 0
    

      0 of 0","0
    

      0","0:00
    

      0:52"
"Adrian Yanez 


Tony Kelley","1
    

      0","35 of 67
    

      20 of 49","52%
    

      40%","36 of 68
    

      21 of 50","0 of 0
    

      0 of 0","0
    

      0","0:04
    

      0:02"
"Jasmine Jasudavicius 


Natalia Silva","0
    

      0","12 of 33
    

      27 of 53","36%
    

      50%","16 of 42
    

      44 of 71","0 of 2
    

      0 of 1","0
    

      0","1:51
    

      0:09"
"Jasmine Jasudavicius 


Natalia Silva","0
    

      0","10 of 34
    

      41 of 78","29%
    

      52%","14 of 38
    

      48 of 88","0 of 3
    

      2 of 2","0
    

      0","0:48
    

      0:45"
"Jasmine Jasudavicius 


Natalia Silva","0
    

      0","9 of 34
    

      28 of 54","26%
    

      51%","10 of 36
    

      28 of 54","0 of 1
    

      0 of 0","0
    

      0","0:58
    

      0:13"
"Court McGee 


Jeremiah Wells","0
    

      1","3 of 8
    

      7 of 16","37%
    

      43%","3 of 8
    

      7 of 16","0 of 0
    

      0 of 0","0
    

      0","0:00
    

      0:02"
"Ricardo Ramos 


Danny Chavez","1
    

      0","4 of 14
    

      3 of 9","28%
    

      33%","4 of 14
    

      3 of 9","0 of 0
    

      0 of 0","0
    

      0","0:01
    

      0:00"
"Maria Oliveira 


Gloria de Paula","0
    

      0","37 of 111
    

      29 of 60","33%
    

      48%","38 of 113
    

      30 of 61","0 of 1
    

      0 of 0","0
    

      0","0:22
    

      0:03"
"Maria Oliveira 


Gloria de Paula","0
    

      0","25 of 98
    

      41 of 72","25%
    

      56%","25 of 98
    

      45 of 76","0 of 0
    

      1 of 1","0
    

      0","0:00
    

      0:23"
"Maria Oliveira 


Gloria de Paula","0
    

      0","34 of 88
    

      35 of 58","38%
    

      60%","36 of 92
    

      41 of 68","2 of 3
    

      1 of 2","0
    

      0","1:13
    

      0:23"
"Eddie Wineland 


Cody Stamann","0
    

      1","3 of 7
    

      27 of 38","42%
    

      71%","3 of 7
    

      32 of 43","0 of 0
    

      0 of 0","0
    

      0","0:00
    

      0:07"
"Phil Hawes 


Deron Winn","1
    

      0","55 of 87
    

      17 of 44","63%
    

      38%","56 of 88
    

      17 of 44","0 of 0
    

      0 of 0","0
    

      0","0:04
    

      0:00"
"Phil Hawes 


Deron Winn","0
    

      0","63 of 88
    

      15 of 67","71%
    

      22%","70 of 103
    

      17 of 70","1 of 3
    

      0 of 0","0
    

      0","0:43
    

      0:00"
"Roman Dolidze 


Kyle Daukaus","2
    

      0","8 of 15
    

      4 of 9","53%
    

      44%","10 of 17
    

      5 of 10","0 of 0
    

      0 of 0","0
    

      0","0:36
    

      0:00"
"Glover Teixeira 


Jiri Prochazka","0
    

      0","27 of 36
    

      14 of 25","75%
    

      56%","48 of 58
    

      20 of 31","2 of 3
    

      0 of 0","0
    

      1","2:49
    

      0:22"
"Glover Teixeira 


Jiri Prochazka","0
    

      0","27 of 42
    

      36 of 66","64%
    

      54%","32 of 48
    

      38 of 68","0 of 3
    

      0 of 0","0
    

      0","1:35
    

      0:10"
"Glover Teixeira 


Jiri Prochazka","0
    

      0","12 of 22
    

      43 of 59","54%
    

      72%","15 of 26
    

      55 of 72","1 of 6
    

      0 of 0","1
    

      0","1:17
    

      1:24"
"Glover Teixeira 


Jiri Prochazka","0
    

      0","24 of 29
    

      21 of 39","82%
    

      53%","29 of 34
    

      29 of 47","1 of 2
    

      0 of 0","1
    

      2","2:33
    

      1:09"
"Glover Teixeira 


Jiri Prochazka","0
    

      0","21 of 32
    

      6 of 16","65%
    

      37%","35 of 46
    

      15 of 27","1 of 3
    

      0 of 0","0
    

      1","1:33
    

      1:24"
"Valentina Shevchenko 


Taila Santos","0
    

      0","10 of 16
    

      5 of 10","62%
    

      50%","35 of 44
    

      12 of 17","0 of 1
    

      0 of 0","0
    

      0","1:28
    

      1:51"
"Valentina Shevchenko 


Taila Santos","0
    

      0","7 of 19
    

      4 of 7","36%
    

      57%","64 of 81
    

      31 of 37","1 of 1
    

      1 of 1","0
    

      1","0:09
    

      3:40"
"Valentina Shevchenko 


Taila Santos","0
    

      0","17 of 22
    

      7 of 15","77%
    

      46%","46 of 54
    

      10 of 18","0 of 1
    

      1 of 1","0
    

      0","0:02
    

      2:21"
"Valentina Shevchenko 


Taila Santos","0
    

      0","29 of 59
    

      28 of 56","49%
    

      50%","37 of 67
    

      33 of 62","0 of 0
    

      1 of 1","0
    

      0","0:00
    

      0:17"
"Valentina Shevchenko 


Taila Santos","0
    

      0","14 of 23
    

      11 of 14","60%
    

      78%","52 of 63
    

      42 of 46","2 of 2
    

      0 of 0","0
    

      1","2:36
    

      0:40"
"Zhang Weili 


Joanna Jedrzejczyk","0
    

      0","47 of 66
    

      22 of 39","71%
    

      56%","72 of 94
    

      23 of 40","3 of 5
    

      0 of 0","0
    

      0","2:39
    

      0:00"
"Zhang Weili 


Joanna Jedrzejczyk","1
    

      0","22 of 36
    

      21 of 46","61%
    

      45%","22 of 36
    

      21 of 46","0 of 1
    

      0 of 0","0
    

      0","0:10
    

      0:00"
"Andre Fialho 


Jake Matthews","0
    

      0","12 of 38
    

      27 of 53","31%
    

      50%","13 of 39
    

      27 of 53","0 of 0
    

      0 of 0","0
    

      0","0:00
    

      0:00"
"Andre Fialho 


Jake Matthews","0
    

      1","6 of 13
    

      20 of 36","46%
    

      55%","6 of 13
    

      20 of 36","0 of 0
    

      0 of 0","0
    

      0","0:00
    

      0:00"
"Jack Della Maddalena 


Ramazan Emeev","1
    

      0","18 of 36
    

      7 of 24","50%
    

      29%","18 of 36
    

      7 of 24","0 of 0
    

      1 of 2","0
    

      0","0:03
    

      0:25"
"SeungWoo Choi 


Josh Culibao","0
    

      1","17 of 62
    

      23 of 47","27%
    

      48%","18 of 63
    

      35 of 62","0 of 0
    

      0 of 0","0
    

      0","0:25
    

      0:20"
"SeungWoo Choi 


Josh Culibao","0
    

      1","16 of 59
    

      19 of 43","27%
    

      44%","16 of 59
    

      19 of 43","0 of 1
    

      0 of 0","0
    

      0","0:00
    

      0:02"
"SeungWoo Choi 


Josh Culibao","0
    

      0","13 of 42
    

      9 of 21","30%
    

      42%","30 of 62
    

      15 of 27","1 of 1
    

      0 of 0","0
    

      0","2:05
    

      0:36"
"Maheshate 


Steve Garcia","2
    

      0","7 of 10
    

      7 of 19","70%
    

      36%","7 of 10
    

      9 of 21","0 of 0
    

      0 of 0","0
    

      0","0:00
    

      0:35"
"Brendan Allen 


Jacob Malkoun","0
    

      0","15 of 34
    

      10 of 20","44%
    

      50%","25 of 45
    

      13 of 27","1 of 1
    

      3 of 6","0
    

      0","0:39
    

      2:24"
"Brendan Allen 


Jacob Malkoun","0
    

      0","12 of 16
    

      12 of 19","75%
    

      63%","25 of 29
    

      32 of 43","0 of 0
    

      2 of 4","1
    

      0","0:39
    

      2:58"
"Brendan Allen 


Jacob Malkoun","0
    

      0","18 of 24
    

      11 of 16","75%
    

      68%","39 of 48
    

      21 of 26","1 of 1
    

      2 of 4","1
    

      0","2:06
    

      1:47"
"Kyung Ho Kang 


Batgerel Danaa","0
    

      0","28 of 41
    

      34 of 84","68%
    

      40%","28 of 41
    

      35 of 86","0 of 0
    

      0 of 0","0
    

      0","0:00
    

      0:01"
"Kyung Ho Kang 


Batgerel Danaa","0
    

      0","33 of 52
    

      43 of 100","63%
    

      43%","33 of 52
    

      43 of 100","0 of 2
    

      0 of 0","0
    

      0","0:00
    

      0:00"
"Kyung Ho Kang 


Batgerel Danaa","0
    

      0","39 of 62
    

      32 of 100","62%
    

      32%","39 of 62
    

      32 of 100","0 of 0
    

      0 of 1","0
    

      0","0:00
    

      0:02"
"Liang Na 


Silvana Gomez Juarez","0
    

      1","4 of 17
    

      8 of 12","23%
    

      66%","4 of 17
    

      10 of 14","0 of 2
    

      0 of 0","0
    

      0","0:09
    

      0:00"
"Ramona Pascual 


Joselyne Edwards","0
    

      0","32 of 47
    

      48 of 88","68%
    

      54%","33 of 49
    

      52 of 93","0 of 3
    

      0 of 2","0
    

      0","0:05
    

      0:37"
"Ramona Pascual 


Joselyne Edwards","0
    

      0","17 of 34
    

      51 of 77","50%
    

      66%","18 of 36
    

      52 of 78","1 of 3
    

      0 of 1","0
    

      0","0:20
    

      0:15"
"Ramona Pascual 


Joselyne Edwards","0
    

      0","14 of 28
    

      65 of 103","50%
    

      63%","14 of 28
    

      71 of 109","0 of 5
    

      0 of 0","0
    

      0","0:37
    

      0:00"
"Alexander Volkov 


Jairzinho Rozenstruik","0
    

      0","21 of 37
    

      6 of 18","56%
    

      33%","21 of 37
    

      6 of 18","0 of 0
    

      0 of 0","0
    

      0","0:00
    

      0:00"
"Dan Ige 


Movsar Evloev","0
    

      0","17 of 44
    

      23 of 45","38%
    

      51%","19 of 46
    

      28 of 50","0 of 0
    

      3 of 6","0
    

      0","0:00
    

      1:06"
"Dan Ige 


Movsar Evloev","0
    

      0","20 of 52
    

      30 of 66","38%
    

      45%","20 of 52
    

      54 of 93","0 of 0
    

      1 of 2","0
    

      0","0:00
    

      1:19"
"Dan Ige 


Movsar Evloev","0
    

      0","5 of 10
    

      15 of 18","50%
    

      83%","8 of 16
    

      62 of 70","0 of 0
    

      5 of 8","0
    

      0","0:10
    

      4:22"
"Michael Trizano 


Lucas Almeida","1
    

      0","12 of 26
    

      21 of 52","46%
    

      40%","20 of 35
    

      26 of 57","0 of 0
    

      0 of 0","0
    

      0","1:36
    

      0:00"
"Michael Trizano 


Lucas Almeida","0
    

      1","15 of 26
    

      30 of 60","57%
    

      50%","18 of 29
    

      44 of 74","0 of 0
    

      0 of 0","0
    

      0","0:07
    

      2:01"
"Michael Trizano 


Lucas Almeida","0
    

      1","4 of 10
    

      24 of 40","40%
    

      60%","4 of 10
    

      24 of 40","0 of 0
    

      0 of 0","0
    

      0","0:00
    

      0:12"
"Karine Silva 


Poliana Botelho","0
    

      0","17 of 68
    

      19 of 26","25%
    

      73%","23 of 75
    

      19 of 26","1 of 1
    

      0 of 0","0
    

      0","0:47
    

      0:00"
"Ode Osbourne 


Zarrukh Adashev","1
    

      0","7 of 15
    

      7 of 13","46%
    

      53%","7 of 15
    

      7 of 13","0 of 0
    

      0 of 0","0
    

      0","0:03
    

      0:00"
"Alonzo Menifield 


Askar Mozharov","0
    

      0","19 of 22
    

      2 of 11","86%
    

      18%","55 of 59
    

      11 of 20","2 of 3
    

      0 of 0","0
    

      0","4:19
    

      0:00"
"Felice Herrig 


Karolina Kowalkiewicz","0
    

      0","30 of 73
    

      48 of 70","41%
    

      68%","34 of 77
    

      50 of 72","0 of 1
    

      0 of 2","0
    

      0","0:01
    

      1:16"
"Felice Herrig 


Karolina Kowalkiewicz","0
    

      0","25 of 49
    

      34 of 53","51%
    

      64%","25 of 49
    

      52 of 74","0 of 1
    

      0 of 0","0
    

      0","0:00
    

      1:54"
"Joe Solecki 


Alex Da Silva","0
    

      1","3 of 5
    

      6 of 8","60%
    

      75%","24 of 27
    

      17 of 19","0 of 0
    

      0 of 0","0
    

      0","0:11
    

      4:32"
"Joe Solecki 


Alex Da Silva","0
    

      0","3 of 4
    

      1 of 3","75%
    

      33%","31 of 34
    

      7 of 10","1 of 2
    

      0 of 0","0
    

      0","4:40
    

      0:00"
"Joe Solecki 


Alex Da Silva","0
    

      0","27 of 73
    

      28 of 65","36%
    

      43%","36 of 83
    

      30 of 67","0 of 2
    

      0 of 0","0
    

      0","0:00
    

      1:23"
"Damon Jackson 


Dan Argueta","0
    

      0","0 of 0
    

      0 of 0","---
    

      ---","1 of 1
    

      33 of 35","1 of 2
    

      0 of 0","0
    

      1","4:14
    

      0:42"
"Damon Jackson 


Dan Argueta","0
    

      0","9 of 10
    

      5 of 11","90%
    

      45%","14 of 17
    

      27 of 37","1 of 1
    

      1 of 3","0
    

      0","3:58
    

      0:46"
"Damon Jackson 


Dan Argueta","0
    

      0","23 of 43
    

      22 of 48","53%
    

      45%","32 of 53
    

      43 of 69","0 of 1
    

      0 of 0","1
    

      0","2:13
    

      1:16"
"Niklas Stolze 


Benoit Saint Denis","0
    

      0","6 of 7
    

      5 of 7","85%
    

      71%","15 of 16
    

      32 of 39","0 of 0
    

      2 of 3","0
    

      0","0:00
    

      4:34"
"Niklas Stolze 


Benoit Saint Denis","0
    

      0","5 of 7
    

      3 of 3","71%
    

      100%","5 of 7
    

      9 of 9","0 of 0
    

      1 of 2","0
    

      0","0:00
    

      1:10"
"Johnny Munoz 


Tony Gravely","0
    

      1","2 of 7
    

      5 of 15","28%
    

      33%","2 of 7
    

      6 of 16","0 of 1
    

      0 of 0","0
    

      0","0:00
    

      0:03"
"Jeff Molina 


Zhalgas Zhumagulov","0
    

      0","14 of 35
    

      14 of 32","40%
    

      43%","30 of 53
    

      22 of 40","0 of 0
    

      0 of 4","0
    

      0","0:04
    

      2:16"
"Jeff Molina 


Zhalgas Zhumagulov","0
    

      0","13 of 33
    

      7 of 25","39%
    

      28%","60 of 83
    

      20 of 40","0 of 0
    

      2 of 6","0
    

      0","0:10
    

      2:37"
"Jeff Molina 


Zhalgas Zhumagulov","0
    

      0","29 of 80
    

      16 of 55","36%
    

      29%","39 of 90
    

      26 of 66","0 of 0
    

      0 of 3","0
    

      0","0:00
    

      0:39"
"Rinat Fakhretdinov 


Andreas Michailidis","0
    

      0","17 of 25
    

      12 of 17","68%
    

      70%","33 of 42
    

      24 of 31","3 of 5
    

      0 of 1","0
    

      1","3:53
    

      0:24"
"Rinat Fakhretdinov 


Andreas Michailidis","0
    

      0","5 of 8
    

      2 of 4","62%
    

      50%","31 of 37
    

      16 of 18","1 of 1
    

      0 of 0","0
    

      0","4:35
    

      0:11"
"Rinat Fakhretdinov 


Andreas Michailidis","0
    

      0","23 of 28
    

      4 of 12","82%
    

      33%","42 of 51
    

      8 of 16","1 of 4
    

      0 of 1","0
    

      0","4:32
    

      0:04"
"Erin Blanchfield 


JJ Aldrich","0
    

      0","23 of 58
    

      16 of 43","39%
    

      37%","27 of 62
    

      21 of 48","0 of 3
    

      1 of 5","0
    

      0","0:43
    

      0:16"
"Erin Blanchfield 


JJ Aldrich","0
    

      0","25 of 42
    

      16 of 28","59%
    

      57%","41 of 59
    

      17 of 29","0 of 1
    

      1 of 1","0
    

      0","0:13
    

      0:26"
"Holly Holm 


Ketlen Vieira","0
    

      0","6 of 9
    

      19 of 22","66%
    

      86%","33 of 41
    

      40 of 45","0 of 0
    

      0 of 5","0
    

      0","3:36
    

      0:19"
"Holly Holm 


Ketlen Vieira","0
    

      0","14 of 21
    

      10 of 22","66%
    

      45%","33 of 44
    

      17 of 29","0 of 2
    

      1 of 1","0
    

      0","1:46
    

      0:56"
"Holly Holm 


Ketlen Vieira","0
    

      0","18 of 30
    

      23 of 37","60%
    

      62%","42 of 56
    

      27 of 41","0 of 2
    

      0 of 0","0
    

      0","2:50
    

      0:06"
"Holly Holm 


Ketlen Vieira","0
    

      0","37 of 68
    

      23 of 51","54%
    

      45%","37 of 68
    

      23 of 51","0 of 0
    

      0 of 0","0
    

      0","0:09
    

      0:00"
"Holly Holm 


Ketlen Vieira","0
    

      0","21 of 29
    

      10 of 19","72%
    

      52%","43 of 54
    

      15 of 24","0 of 2
    

      0 of 1","0
    

      0","1:42
    

      0:03"
"Santiago Ponzinibbio 


Michel Pereira","0
    

      0","16 of 39
    

      24 of 45","41%
    

      53%","16 of 39
    

      24 of 45","0 of 0
    

      0 of 0","0
    

      0","0:00
    

      0:01"
"Santiago Ponzinibbio 


Michel Pereira","0
    

      0","34 of 66
    

      35 of 70","51%
    

      50%","35 of 67
    

      35 of 70","1 of 2
    

      0 of 0","0
    

      0","0:18
    

      0:00"
"Santiago Ponzinibbio 


Michel Pereira","0
    

      0","55 of 115
    

      51 of 101","47%
    

      50%","55 of 115
    

      51 of 101","0 of 2
    

      0 of 0","0
    

      0","0:00
    

      0:00"
"Chidi Njokuani 


Dusko Todorovic","1
    

      0","14 of 17
    

      5 of 7","82%
    

      71%","19 of 23
    

      9 of 11","0 of 0
    

      2 of 7","0
    

      0","0:50
    

      3:13"
"Polyana Viana 


Tabatha Ricci","0
    

      0","7 of 20
    

      9 of 18","35%
    

      50%","53 of 76
    

      28 of 39","0 of 0
    

      1 of 2","0
    

      0","0:00
    

      4:00"
"Polyana Viana 


Tabatha Ricci","0
    

      0","20 of 58
    

      12 of 34","34%
    

      35%","40 of 79
    

      24 of 47","0 of 0
    

      2 of 3","0
    

      0","0:00
    

      1:57"
"Polyana Viana 


Tabatha Ricci","0
    

      0","9 of 19
    

      12 of 21","47%
    

      57%","33 of 57
    

      20 of 40","0 of 0
    

      2 of 5","0
    

      0","0:09
    

      3:34"
"Eryk Anders 


JunYong Park","0
    

      0","16 of 30
    

      25 of 36","53%
    

      69%","22 of 37
    

      26 of 37","1 of 6
    

      0 of 1","0
    

      0","2:32
    

      0:07"
"Eryk Anders 


JunYong Park","0
    

      0","16 of 38
    

      31 of 52","42%
    

      59%","20 of 44
    

      33 of 54","2 of 6
    

      0 of 0","0
    

      1","1:36
    

      0:24"
"Eryk Anders 


JunYong Park","0
    

      0","33 of 74
    

      49 of 96","44%
    

      51%","33 of 74
    

      49 of 96","0 of 12
    

      0 of 0","0
    

      0","0:37
    

      0:00"
"Joseph Holmes 


Alen Amedovski","1
    

      0","16 of 23
    

      1 of 8","69%
    

      12%","16 of 23
    

      1 of 8","1 of 1
    

      0 of 0","0
    

      0","0:21
    

      0:00"
"Jailton Almeida 


Parker Porter","0
    

      0","18 of 34
    

      0 of 0","52%
    

      ---","36 of 58
    

      0 of 0","1 of 2
    

      0 of 0","0
    

      0","4:29
    

      0:00"
"Omar Morales 


Uros Medic","0
    

      0","17 of 52
    

      24 of 50","32%
    

      48%","17 of 52
    

      24 of 50","0 of 0
    

      0 of 0","0
    

      0","0:00
    

      0:00"
"Omar Morales 


Uros Medic","0
    

      2","16 of 33
    

      23 of 36","48%
    

      63%","16 of 33
    

      23 of 36","0 of 0
    

      0 of 0","0
    

      0","0:00
    

      0:02"
"Jonathan Martinez 


Vince Morales","0
    

      0","24 of 40
    

      15 of 35","60%
    

      42%","24 of 40
    

      15 of 35","0 of 0
    

      0 of 0","0
    

      0","0:00
    

      0:00"
"Jonathan Martinez 


Vince Morales","0
    

      0","36 of 56
    

      16 of 56","64%
    

      28%","36 of 56
    

      16 of 56","0 of 0
    

      0 of 0","0
    

      0","0:00
    

      0:00"
"Jonathan Martinez 


Vince Morales","0
    

      0","28 of 58
    

      20 of 62","48%
    

      32%","28 of 58
    

      31 of 73","2 of 2
    

      0 of 0","0
    

      1","0:41
    

      0:14"
"Chase Hooper 


Felipe Colares","0
    

      0","26 of 42
    

      11 of 12","61%
    

      91%","54 of 72
    

      23 of 24","2 of 4
    

      2 of 2","1
    

      1","3:02
    

      1:02"
"Chase Hooper 


Felipe Colares","0
    

      0","6 of 12
    

      8 of 8","50%
    

      100%","20 of 32
    

      18 of 19","0 of 0
    

      0 of 2","3
    

      1","1:32
    

      2:55"
"Chase Hooper 


Felipe Colares","0
    

      0","28 of 39
    

      2 of 3","71%
    

      66%","66 of 84
    

      2 of 3","2 of 3
    

      0 of 0","1
    

      1","2:30
    

      0:17"
"Elise Reed 


Sam Hughes","0
    

      0","16 of 35
    

      15 of 31","45%
    

      48%","57 of 81
    

      23 of 41","0 of 0
    

      1 of 4","0
    

      0","0:00
    

      3:38"
"Elise Reed 


Sam Hughes","0
    

      0","1 of 6
    

      13 of 15","16%
    

      86%","11 of 17
    

      55 of 60","0 of 0
    

      1 of 1","0
    

      0","0:00
    

      4:49"
"Elise Reed 


Sam Hughes","0
    

      0","0 of 0
    

      15 of 19","---
    

      78%","2 of 2
    

      52 of 60","0 of 0
    

      2 of 2","0
    

      0","0:00
    

      3:32"
"Jan Blachowicz 


Aleksandar Rakic","0
    

      0","25 of 53
    

      12 of 52","47%
    

      23%","25 of 53
    

      12 of 52","0 of 0
    

      0 of 2","0
    

      0","0:00
    

      0:00"
"Jan Blachowicz 


Aleksandar Rakic","0
    

      0","1 of 3
    

      10 of 19","33%
    

      52%","23 of 26
    

      44 of 59","0 of 0
    

      1 of 2","0
    

      0","0:00
    

      4:33"
"Jan Blachowicz 


Aleksandar Rakic","0
    

      0","5 of 15
    

      5 of 14","33%
    

      35%","5 of 15
    

      5 of 14","0 of 0
    

      0 of 0","0
    

      0","0:01
    

      0:00"
"Ryan Spann 


Ion Cutelaba","0
    

      0","4 of 11
    

      2 of 9","36%
    

      22%","5 of 12
    

      2 of 9","0 of 0
    

      3 of 3","0
    

      0","0:04
    

      1:11"
"Davey Grant 


Louis Smolka","1
    

      0","45 of 90
    

      14 of 37","50%
    

      37%","46 of 91
    

      14 of 37","0 of 0
    

      0 of 1","0
    

      0","0:22
    

      0:02"
"Davey Grant 


Louis Smolka","0
    

      0","27 of 87
    

      56 of 93","31%
    

      60%","29 of 89
    

      60 of 99","0 of 1
    

      0 of 1","0
    

      0","0:06
    

      0:33"
"Davey Grant 


Louis Smolka","0
    

      0","9 of 20
    

      1 of 9","45%
    

      11%","9 of 20
    

      1 of 9","0 of 0
    

      0 of 1","0
    

      0","0:07
    

      0:00"
"Katlyn Cerminara 


Amanda Ribas","0
    

      0","20 of 62
    

      7 of 34","32%
    

      20%","25 of 67
    

      15 of 45","0 of 1
    

      1 of 1","0
    

      0","0:00
    

      2:30"
"Katlyn Cerminara 


Amanda Ribas","0
    

      0","24 of 61
    

      15 of 46","39%
    

      32%","27 of 64
    

      28 of 62","0 of 1
    

      1 of 2","0
    

      0","0:06
    

      2:01"
"Katlyn Cerminara 


Amanda Ribas","0
    

      0","19 of 99
    

      33 of 89","19%
    

      37%","19 of 99
    

      41 of 97","0 of 0
    

      1 of 3","0
    

      0","0:00
    

      0:18"
"Frank Camacho 


Manuel Torres","0
    

      1","16 of 31
    

      34 of 64","51%
    

      53%","24 of 40
    

      34 of 64","0 of 5
    

      0 of 1","0
    

      0","0:14
    

      0:16"
"Jake Hadley 


Allan Nascimento","0
    

      0","3 of 14
    

      4 of 11","21%
    

      36%","11 of 22
    

      14 of 21","0 of 0
    

      1 of 1","1
    

      1","1:23
    

      2:59"
"Jake Hadley 


Allan Nascimento","0
    

      0","2 of 5
    

      9 of 21","40%
    

      42%","9 of 12
    

      14 of 26","0 of 0
    

      1 of 1","0
    

      0","0:25
    

      4:04"
"Jake Hadley 


Allan Nascimento","0
    

      0","3 of 10
    

      6 of 20","30%
    

      30%","6 of 13
    

      8 of 22","0 of 0
    

      0 of 2","0
    

      2","2:02
    

      2:24"
"Viviane Araujo 


Andrea Lee","0
    

      1","18 of 34
    

      25 of 51","52%
    

      49%","31 of 48
    

      29 of 55","2 of 4
    

      1 of 1","0
    

      0","2:48
    

      0:26"
"Viviane Araujo 


Andrea Lee","0
    

      0","14 of 27
    

      9 of 10","51%
    

      90%","48 of 83
    

      13 of 14","0 of 0
    

      0 of 1","0
    

      0","4:26
    

      0:00"
"Viviane Araujo 


Andrea Lee","0
    

      0","7 of 18
    

      13 of 21","38%
    

      61%","17 of 29
    

      22 of 34","1 of 1
    

      0 of 0","0
    

      0","3:26
    

      0:22"
"Michael Johnson 


Alan Patrick","0
    

      0","11 of 22
    

      13 of 21","50%
    

      61%","18 of 32
    

      17 of 26","1 of 1
    

      0 of 3","0
    

      0","1:33
    

      0:12"
"Michael Johnson 


Alan Patrick","1
    

      0","19 of 26
    

      9 of 26","73%
    

      34%","22 of 29
    

      13 of 30","0 of 0
    

      0 of 2","0
    

      0","0:28
    

      0:00"
"Virna Jandiroba 


Angela Hill","0
    

      0","5 of 21
    

      4 of 17","23%
    

      23%","16 of 32
    

      11 of 25","0 of 3
    

      1 of 2","0
    

      0","1:17
    

      0:39"
"Virna Jandiroba 


Angela Hill","0
    

      0","6 of 27
    

      12 of 27","22%
    

      44%","30 of 57
    

      16 of 33","1 of 2
    

      0 of 0","0
    

      0","1:44
    

      1:13"
"Virna Jandiroba 


Angela Hill","0
    

      0","3 of 12
    

      5 of 11","25%
    

      45%","46 of 62
    

      17 of 28","2 of 3
    

      0 of 0","0
    

      1","4:03
    

      0:16"
"Tatsuro Taira 


Carlos Candelario","0
    

      0","13 of 24
    

      5 of 24","54%
    

      20%","15 of 27
    

      10 of 29","1 of 5
    

      1 of 3","0
    

      0","0:45
    

      0:44"
"Tatsuro Taira 


Carlos Candelario","1
    

      0","15 of 19
    

      4 of 6","78%
    

      66%","31 of 40
    

      11 of 14","0 of 0
    

      0 of 1","1
    

      2","3:13
    

      1:16"
"Tatsuro Taira 


Carlos Candelario","0
    

      0","29 of 44
    

      0 of 4","65%
    

      0%","43 of 65
    

      0 of 4","0 of 0
    

      1 of 1","1
    

      1","2:59
    

      1:28"
"Nick Maximov 


Andre Petroski","0
    

      0","4 of 11
    

      1 of 10","36%
    

      10%","4 of 11
    

      1 of 10","0 of 1
    

      0 of 0","0
    

      0","0:00
    

      0:23"
"Charles Oliveira 


Justin Gaethje","1
    

      1","30 of 47
    

      21 of 33","63%
    

      63%","33 of 52
    

      21 of 33","0 of 1
    

      0 of 0","0
    

      0","0:39
    

      0:13"
"Rose Namajunas 


Carla Esparza","0
    

      0","4 of 19
    

      4 of 19","21%
    

      21%","4 of 19
    

      4 of 19","0 of 0
    

      0 of 0","0
    

      0","0:00
    

      0:00"
"Rose Namajunas 


Carla Esparza","0
    

      0","3 of 14
    

      4 of 22","21%
    

      18%","3 of 14
    

      4 of 22","0 of 0
    

      0 of 1","0
    

      0","0:00
    

      0:00"
"Rose Namajunas 


Carla Esparza","0
    

      0","11 of 36
    

      9 of 32","30%
    

      28%","11 of 36
    

      9 of 32","0 of 0
    

      0 of 3","0
    

      0","0:00
    

      0:02"
"Rose Namajunas 


Carla Esparza","0
    

      0","6 of 28
    

      8 of 29","21%
    

      27%","7 of 29
    

      8 of 29","0 of 0
    

      2 of 5","0
    

      0","0:02
    

      0:20"
"Rose Namajunas 


Carla Esparza","0
    

      0","13 of 39
    

      5 of 31","33%
    

      16%","13 of 39
    

      5 of 31","1 of 1
    

      0 of 2","0
    

      0","0:08
    

      0:00"
"Michael Chandler 


Tony Ferguson","0
    

      0","26 of 52
    

      20 of 50","50%
    

      40%","42 of 72
    

      27 of 58","1 of 1
    

      0 of 0","0
    

      0","2:29
    

      0:00"
"Michael Chandler 


Tony Ferguson","1
    

      0","1 of 1
    

      0 of 0","100%
    

      ---","1 of 1
    

      0 of 0","0 of 0
    

      0 of 0","0
    

      0","0:00
    

      0:00"
"Mauricio Rua 


Ovince Saint Preux","0
    

      0","20 of 38
    

      20 of 34","52%
    

      58%","20 of 38
    

      20 of 34","0 of 0
    

      0 of 0","0
    

      0","0:00
    

      0:00"
"Mauricio Rua 


Ovince Saint Preux","0
    

      0","21 of 33
    

      20 of 39","63%
    

      51%","21 of 33
    

      20 of 39","0 of 0
    

      0 of 0","0
    

      0","0:00
    

      0:00"
"Mauricio Rua 


Ovince Saint Preux","0
    

      0","13 of 28
    

      22 of 39","46%
    

      56%","13 of 28
    

      22 of 39","0 of 0
    

      0 of 1","0
    

      0","0:00
    

      0:15"
"Randy Brown 


Khaos Williams","0
    

      0","18 of 36
    

      21 of 58","50%
    

      36%","19 of 37
    

      28 of 66","0 of 2
    

      0 of 0","0
    

      0","0:00
    

      1:43"
"Randy Brown 


Khaos Williams","0
    

      0","34 of 69
    

      25 of 80","49%
    

      31%","41 of 77
    

      34 of 89","0 of 0
    

      0 of 0","0
    

      0","0:04
    

      1:19"
"Randy Brown 


Khaos Williams","0
    

      1","41 of 72
    

      29 of 86","56%
    

      33%","43 of 74
    

      34 of 91","0 of 2
    

      0 of 0","0
    

      0","0:07
    

      1:07"
"Francisco Trinaldo 


Danny Roberts","0
    

      0","23 of 37
    

      16 of 57","62%
    

      28%","25 of 39
    

      16 of 57","0 of 0
    

      0 of 0","0
    

      0","0:21
    

      0:04"
"Francisco Trinaldo 


Danny Roberts","0
    

      0","34 of 48
    

      7 of 17","70%
    

      41%","41 of 57
    

      9 of 20","0 of 1
    

      0 of 0","0
    

      0","3:14
    

      0:03"
"Francisco Trinaldo 


Danny Roberts","0
    

      0","23 of 39
    

      13 of 44","58%
    

      29%","25 of 41
    

      19 of 51","0 of 0
    

      0 of 0","0
    

      0","0:46
    

      0:32"
"Macy Chiasson 


Norma Dumont","0
    

      0","19 of 57
    

      16 of 41","33%
    

      39%","19 of 57
    

      21 of 46","1 of 1
    

      0 of 0","0
    

      0","0:02
    

      0:00"
"Macy Chiasson 


Norma Dumont","0
    

      0","10 of 25
    

      10 of 17","40%
    

      58%","42 of 62
    

      33 of 42","2 of 6
    

      0 of 0","0
    

      0","3:13
    

      0:18"
"Macy Chiasson 


Norma Dumont","0
    

      0","3 of 7
    

      12 of 17","42%
    

      70%","70 of 75
    

      42 of 48","3 of 5
    

      0 of 0","0
    

      0","4:19
    

      0:08"
"Brandon Royval 


Matt Schnell","0
    

      1","14 of 39
    

      12 of 33","35%
    

      36%","14 of 39
    

      15 of 36","0 of 0
    

      0 of 0","0
    

      0","0:13
    

      0:54"
"Blagoy Ivanov 


Marcos Rogerio de Lima","0
    

      0","12 of 29
    

      25 of 45","41%
    

      55%","15 of 32
    

      25 of 45","0 of 2
    

      0 of 0","0
    

      0","0:32
    

      0:00"
"Blagoy Ivanov 


Marcos Rogerio de Lima","0
    

      0","30 of 54
    

      26 of 56","55%
    

      46%","33 of 58
    

      35 of 65","0 of 2
    

      0 of 1","0
    

      0","2:09
    

      0:17"
"Blagoy Ivanov 


Marcos Rogerio de Lima","0
    

      0","20 of 45
    

      17 of 32","44%
    

      53%","27 of 52
    

      21 of 37","0 of 0
    

      1 of 4","0
    

      0","1:11
    

      1:47"
"Andre Fialho 


Cameron VanCamp","1
    

      0","17 of 24
    

      19 of 31","70%
    

      61%","17 of 24
    

      19 of 31","0 of 0
    

      0 of 0","0
    

      0","0:02
    

      0:00"
"Tracy Cortez 


Melissa Gatto","0
    

      0","11 of 16
    

      7 of 20","68%
    

      35%","23 of 29
    

      14 of 28","1 of 1
    

      1 of 2","1
    

      0","3:16
    

      0:38"
"Tracy Cortez 


Melissa Gatto","0
    

      0","9 of 23
    

      15 of 35","39%
    

      42%","20 of 34
    

      25 of 47","0 of 0
    

      2 of 3","0
    

      0","1:35
    

      2:04"
"Tracy Cortez 


Melissa Gatto","0
    

      0","16 of 27
    

      8 of 18","59%
    

      44%","27 of 39
    

      10 of 20","1 of 2
    

      0 of 1","0
    

      1","3:03
    

      0:35"
"Kleydson Rodrigues 


CJ Vergara","0
    

      0","48 of 88
    

      27 of 51","54%
    

      52%","52 of 92
    

      54 of 80","1 of 2
    

      0 of 0","0
    

      0","0:54
    

      0:00"
"Kleydson Rodrigues 


CJ Vergara","0
    

      0","13 of 17
    

      26 of 39","76%
    

      66%","20 of 24
    

      65 of 84","0 of 2
    

      0 of 0","1
    

      0","0:09
    

      3:58"
"Kleydson Rodrigues 


CJ Vergara","0
    

      0","20 of 38
    

      18 of 37","52%
    

      48%","21 of 40
    

      36 of 57","1 of 3
    

      0 of 0","1
    

      0","2:11
    

      0:22"
"Ariane Carnelossi 


Loopy Godinez","0
    

      0","2 of 8
    

      6 of 11","25%
    

      54%","3 of 9
    

      31 of 41","0 of 1
    

      4 of 4","0
    

      0","0:00
    

      4:20"
"Ariane Carnelossi 


Loopy Godinez","0
    

      0","3 of 7
    

      23 of 30","42%
    

      76%","9 of 14
    

      49 of 61","0 of 0
    

      1 of 1","0
    

      0","0:00
    

      4:24"
"Ariane Carnelossi 


Loopy Godinez","0
    

      0","4 of 5
    

      17 of 20","80%
    

      85%","11 of 12
    

      50 of 71","0 of 0
    

      3 of 3","0
    

      0","0:00
    

      4:42"
"Journey Newson 


Fernie Garcia","0
    

      0","7 of 41
    

      11 of 27","17%
    

      40%","8 of 42
    

      12 of 28","1 of 2
    

      0 of 0","0
    

      0","0:17
    

      0:02"
"Journey Newson 


Fernie Garcia","0
    

      0","28 of 52
    

      14 of 41","53%
    

      34%","29 of 53
    

      14 of 41","0 of 0
    

      0 of 0","0
    

      0","0:00
    

      0:00"
"Journey Newson 


Fernie Garcia","0
    

      0","22 of 50
    

      12 of 35","44%
    

      34%","26 of 55
    

      12 of 35","1 of 1
    

      0 of 0","0
    

      0","0:25
    

      0:00"
"Rob Font 


Marlon Vera","0
    

      0","57 of 100
    

      26 of 46","57%
    

      56%","57 of 100
    

      26 of 46","0 of 0
    

      0 of 0","0
    

      0","0:00
    

      0:00"
"Rob Font 


Marlon Vera","0
    

      1","51 of 97
    

      27 of 52","52%
    

      51%","51 of 97
    

      30 of 55","0 of 1
    

      0 of 0","0
    

      0","0:00
    

      0:23"
"Rob Font 


Marlon Vera","0
    

      1","71 of 123
    

      37 of 71","57%
    

      52%","71 of 123
    

      39 of 73","1 of 1
    

      0 of 0","0
    

      0","0:18
    

      0:33"
"Rob Font 


Marlon Vera","0
    

      1","42 of 89
    

      36 of 56","47%
    

      64%","44 of 93
    

      39 of 59","0 of 0
    

      0 of 0","0
    

      0","0:00
    

      1:09"
"Rob Font 


Marlon Vera","0
    

      0","50 of 107
    

      33 of 58","46%
    

      56%","50 of 107
    

      33 of 58","0 of 0
    

      0 of 0","0
    

      0","0:00
    

      0:00"
"Andrei Arlovski 


Jake Collier","0
    

      0","20 of 40
    

      25 of 46","50%
    

      54%","31 of 51
    

      50 of 73","0 of 0
    

      0 of 1","0
    

      0","0:01
    

      1:54"
"Andrei Arlovski 


Jake Collier","0
    

      0","39 of 66
    

      36 of 65","59%
    

      55%","40 of 67
    

      47 of 78","0 of 0
    

      1 of 1","0
    

      0","0:00
    

      1:21"
"Andrei Arlovski 


Jake Collier","0
    

      0","32 of 58
    

      32 of 77","55%
    

      41%","34 of 60
    

      35 of 80","0 of 0
    

      1 of 1","0
    

      0","0:00
    

      0:23"
"Andre Fili 


Joanderson Brito","0
    

      1","6 of 15
    

      14 of 20","40%
    

      70%","6 of 15
    

      14 of 20","0 of 0
    

      0 of 0","0
    

      0","0:00
    

      0:07"
"Jared Gordon 


Grant Dawson","0
    

      0","20 of 28
    

      15 of 32","71%
    

      46%","22 of 30
    

      51 of 75","0 of 0
    

      1 of 4","0
    

      0","0:14
    

      2:42"
"Jared Gordon 


Grant Dawson","0
    

      0","14 of 27
    

      10 of 28","51%
    

      35%","20 of 33
    

      16 of 35","0 of 0
    

      3 of 7","0
    

      0","0:05
    

      3:42"
"Jared Gordon 


Grant Dawson","0
    

      0","43 of 64
    

      29 of 51","67%
    

      56%","69 of 90
    

      31 of 53","0 of 0
    

      3 of 6","0
    

      0","0:53
    

      0:47"
"Darren Elkins 


Tristan Connelly","0
    

      0","19 of 39
    

      7 of 18","48%
    

      38%","55 of 84
    

      26 of 37","3 of 3
    

      0 of 0","0
    

      0","3:40
    

      0:08"
"Darren Elkins 


Tristan Connelly","0
    

      0","28 of 56
    

      34 of 50","50%
    

      68%","40 of 70
    

      37 of 53","1 of 5
    

      0 of 0","0
    

      0","2:07
    

      0:12"
"Darren Elkins 


Tristan Connelly","0
    

      0","28 of 56
    

      25 of 49","50%
    

      51%","70 of 105
    

      43 of 68","1 of 2
    

      0 of 0","0
    

      0","2:05
    

      0:38"
"Krzysztof Jotko 


Gerald Meerschaert","0
    

      0","30 of 55
    

      13 of 38","54%
    

      34%","34 of 63
    

      16 of 41","0 of 0
    

      0 of 0","0
    

      0","0:55
    

      0:12"
"Krzysztof Jotko 


Gerald Meerschaert","0
    

      0","21 of 38
    

      9 of 23","55%
    

      39%","58 of 78
    

      14 of 28","1 of 1
    

      1 of 3","0
    

      0","1:52
    

      1:09"
"Krzysztof Jotko 


Gerald Meerschaert","0
    

      0","14 of 31
    

      15 of 30","45%
    

      50%","37 of 54
    

      16 of 32","3 of 3
    

      0 of 1","0
    

      0","2:38
    

      0:33"
"Alexandr Romanov 


Chase Sherman","0
    

      0","8 of 14
    

      0 of 0","57%
    

      ---","11 of 17
    

      0 of 0","3 of 3
    

      0 of 0","0
    

      0","1:58
    

      0:00"
"Daniel Lacerda 


Francisco Figueiredo","0
    

      0","4 of 6
    

      5 of 5","66%
    

      100%","5 of 7
    

      5 of 5","1 of 1
    

      0 of 0","0
    

      0","0:28
    

      0:00"
"Gabe Green 


Yohan Lainesse","0
    

      0","12 of 57
    

      25 of 50","21%
    

      50%","16 of 61
    

      25 of 50","0 of 0
    

      1 of 1","0
    

      0","0:03
    

      0:32"
"Gabe Green 


Yohan Lainesse","0
    

      1","36 of 66
    

      16 of 30","54%
    

      53%","38 of 68
    

      17 of 31","0 of 0
    

      1 of 3","0
    

      0","0:38
    

      1:05"
"Natan Levy 


Mike Breeden","0
    

      0","25 of 41
    

      19 of 45","60%
    

      42%","26 of 42
    

      20 of 46","2 of 2
    

      3 of 3","0
    

      0","0:39
    

      0:40"
"Natan Levy 


Mike Breeden","0
    

      0","21 of 27
    

      23 of 45","77%
    

      51%","27 of 35
    

      24 of 46","7 of 8
    

      0 of 1","0
    

      0","2:40
    

      0:46"
"Natan Levy 


Mike Breeden","0
    

      0","46 of 73
    

      62 of 120","63%
    

      51%","46 of 73
    

      71 of 129","0 of 6
    

      0 of 0","0
    

      0","0:20
    

      0:30"
"Gina Mazany 


Shanna Young","0
    

      0","34 of 64
    

      20 of 49","53%
    

      40%","43 of 73
    

      21 of 50","0 of 3
    

      0 of 0","0
    

      0","1:15
    

      0:00"
"Gina Mazany 


Shanna Young","0
    

      0","14 of 22
    

      29 of 53","63%
    

      54%","14 of 22
    

      41 of 68","1 of 2
    

      0 of 0","0
    

      1","0:07
    

      0:57"
"Amanda Lemos 


Jessica Andrade","0
    

      0","7 of 17
    

      3 of 9","41%
    

      33%","7 of 17
    

      3 of 9","0 of 0
    

      0 of 1","0
    

      0","0:00
    

      0:38"
"Clay Guida 


Claudio Puelles","0
    

      0","3 of 4
    

      1 of 3","75%
    

      33%","4 of 6
    

      11 of 13","0 of 1
    

      0 of 0","1
    

      0","1:10
    

      0:14"
"Maycee Barber 


Montana De La Rosa","0
    

      0","25 of 31
    

      3 of 10","80%
    

      30%","34 of 43
    

      16 of 24","0 of 3
    

      0 of 1","0
    

      0","2:25
    

      1:51"
"Maycee Barber 


Montana De La Rosa","0
    

      0","7 of 9
    

      2 of 5","77%
    

      40%","14 of 19
    

      4 of 8","0 of 0
    

      1 of 1","1
    

      1","2:06
    

      2:22"
"Maycee Barber 


Montana De La Rosa","0
    

      0","18 of 23
    

      9 of 13","78%
    

      69%","32 of 39
    

      21 of 25","1 of 1
    

      0 of 0","0
    

      0","2:29
    

      1:42"
"Lando Vannata 


Charles Jourdain","0
    

      0","8 of 14
    

      4 of 7","57%
    

      57%","8 of 14
    

      5 of 8","1 of 1
    

      0 of 0","1
    

      0","0:57
    

      0:19"
"Jordan Wright 


Marc-Andre Barriault","0
    

      0","12 of 13
    

      13 of 17","92%
    

      76%","16 of 17
    

      17 of 21","2 of 4
    

      0 of 0","0
    

      1","1:32
    

      0:03"
"Dwight Grant 


Sergey Khandozhko","1
    

      1","25 of 63
    

      18 of 52","39%
    

      34%","30 of 68
    

      18 of 52","0 of 0
    

      1 of 1","0
    

      0","0:12
    

      0:46"
"Dwight Grant 


Sergey Khandozhko","0
    

      1","17 of 47
    

      31 of 73","36%
    

      42%","17 of 47
    

      31 of 73","1 of 1
    

      0 of 0","0
    

      0","0:08
    

      0:02"
"Tyson Pedro 


Ike Villanueva","1
    

      0","22 of 29
    

      4 of 22","75%
    

      18%","22 of 29
    

      4 of 22","0 of 0
    

      0 of 0","0
    

      0","0:00
    

      0:00"
"Aoriqileng 


Cameron Else","1
    

      0","37 of 64
    

      6 of 12","57%
    

      50%","49 of 85
    

      7 of 13","1 of 1
    

      0 of 0","0
    

      0","1:34
    

      0:13"
"Preston Parsons 


Evan Elder","0
    

      0","16 of 28
    

      12 of 22","57%
    

      54%","23 of 35
    

      15 of 25","2 of 2
    

      0 of 1","0
    

      0","2:16
    

      0:35"
"Preston Parsons 


Evan Elder","0
    

      0","16 of 25
    

      7 of 15","64%
    

      46%","40 of 49
    

      8 of 16","2 of 2
    

      0 of 0","1
    

      2","2:55
    

      0:52"
"Preston Parsons 


Evan Elder","0
    

      0","43 of 59
    

      8 of 23","72%
    

      34%","58 of 76
    

      11 of 26","0 of 2
    

      0 of 1","0
    

      0","2:37
    

      0:20"
"Marcin Prachnio 


Philipe Lins","0
    

      0","30 of 42
    

      14 of 27","71%
    

      51%","43 of 55
    

      15 of 28","0 of 0
    

      1 of 2","0
    

      0","0:28
    

      1:00"
"Marcin Prachnio 


Philipe Lins","0
    

      0","28 of 50
    

      33 of 49","56%
    

      67%","46 of 68
    

      54 of 70","0 of 1
    

      0 of 3","0
    

      0","1:14
    

      1:25"
"Marcin Prachnio 


Philipe Lins","0
    

      0","16 of 25
    

      17 of 34","64%
    

      50%","27 of 36
    

      27 of 44","0 of 0
    

      3 of 6","0
    

      0","0:11
    

      3:03"
"Dean Barry 


Mike Jackson","1
    

      0","36 of 90
    

      18 of 37","40%
    

      48%","39 of 93
    

      18 of 37","0 of 0
    

      0 of 1","0
    

      0","0:15
    

      0:09"
"Vicente Luque 


Belal Muhammad","0
    

      0","14 of 37
    

      9 of 33","37%
    

      27%","24 of 47
    

      35 of 65","0 of 0
    

      1 of 1","0
    

      0","0:15
    

      1:39"
"Vicente Luque 


Belal Muhammad","0
    

      0","15 of 35
    

      16 of 30","42%
    

      53%","18 of 38
    

      24 of 43","0 of 0
    

      1 of 1","0
    

      0","0:00
    

      1:16"
"Vicente Luque 


Belal Muhammad","0
    

      0","24 of 46
    

      9 of 21","52%
    

      42%","27 of 49
    

      21 of 39","0 of 0
    

      1 of 3","0
    

      0","0:00
    

      1:21"
"Vicente Luque 


Belal Muhammad","0
    

      0","20 of 41
    

      13 of 44","48%
    

      29%","21 of 42
    

      41 of 78","0 of 0
    

      1 of 1","0
    

      0","0:00
    

      1:33"
"Vicente Luque 


Belal Muhammad","0
    

      0","11 of 25
    

      13 of 27","44%
    

      48%","12 of 27
    

      15 of 35","0 of 0
    

      1 of 4","0
    

      0","0:18
    

      1:40"
"Caio Borralho 


Gadzhi Omargadzhiev","0
    

      0","18 of 26
    

      5 of 10","69%
    

      50%","32 of 45
    

      31 of 38","0 of 0
    

      1 of 1","1
    

      0","4:06
    

      0:07"
"Caio Borralho 


Gadzhi Omargadzhiev","0
    

      0","7 of 11
    

      1 of 12","63%
    

      8%","24 of 28
    

      17 of 29","0 of 0
    

      0 of 0","0
    

      0","3:54
    

      0:00"
"Caio Borralho 


Gadzhi Omargadzhiev","0
    

      0","6 of 12
    

      6 of 16","50%
    

      37%","7 of 13
    

      13 of 23","1 of 1
    

      0 of 1","0
    

      0","2:11
    

      0:15"
"Miguel Baeza 


Andre Fialho","0
    

      1","24 of 58
    

      32 of 56","41%
    

      57%","24 of 58
    

      32 of 56","0 of 0
    

      0 of 0","0
    

      0","0:00
    

      0:03"
"Mayra Bueno Silva 


Wu Yanan","0
    

      0","37 of 60
    

      25 of 79","61%
    

      31%","37 of 60
    

      25 of 79","0 of 0
    

      0 of 0","0
    

      0","0:10
    

      0:00"
"Mayra Bueno Silva 


Wu Yanan","0
    

      0","22 of 33
    

      17 of 40","66%
    

      42%","23 of 34
    

      30 of 54","0 of 1
    

      1 of 1","0
    

      0","0:39
    

      2:15"
"Mayra Bueno Silva 


Wu Yanan","0
    

      0","28 of 59
    

      20 of 99","47%
    

      20%","28 of 59
    

      20 of 99","0 of 0
    

      0 of 0","0
    

      0","0:00
    

      0:00"
"Pat Sabatini 


TJ Laramie","0
    

      0","9 of 16
    

      9 of 15","56%
    

      60%","25 of 32
    

      15 of 21","1 of 2
    

      1 of 2","0
    

      0","0:21
    

      2:53"
"Pat Sabatini 


TJ Laramie","0
    

      0","24 of 40
    

      0 of 2","60%
    

      0%","71 of 94
    

      0 of 2","2 of 2
    

      0 of 2","0
    

      0","3:57
    

      0:42"
"Pat Sabatini 


TJ Laramie","0
    

      0","3 of 7
    

      6 of 14","42%
    

      42%","28 of 36
    

      7 of 16","3 of 6
    

      0 of 0","0
    

      1","3:41
    

      0:32"
"Mounir Lazzez 


Ange Loosa","0
    

      0","29 of 53
    

      14 of 40","54%
    

      35%","29 of 53
    

      16 of 42","0 of 1
    

      0 of 0","0
    

      0","0:39
    

      0:08"
"Mounir Lazzez 


Ange Loosa","0
    

      0","44 of 87
    

      26 of 74","50%
    

      35%","44 of 87
    

      27 of 75","0 of 1
    

      0 of 1","0
    

      0","0:23
    

      0:00"
"Mounir Lazzez 


Ange Loosa","0
    

      0","68 of 120
    

      48 of 99","56%
    

      48%","68 of 120
    

      48 of 99","0 of 0
    

      0 of 1","0
    

      0","0:00
    

      0:00"
"Devin Clark 


William Knight","0
    

      0","3 of 9
    

      10 of 18","33%
    

      55%","33 of 39
    

      19 of 27","0 of 3
    

      0 of 0","0
    

      0","1:14
    

      2:03"
"Devin Clark 


William Knight","0
    

      0","12 of 15
    

      6 of 9","80%
    

      66%","63 of 68
    

      8 of 11","1 of 1
    

      1 of 1","0
    

      0","3:13
    

      0:06"
"Devin Clark 


William Knight","1
    

      0","19 of 23
    

      5 of 14","82%
    

      35%","29 of 33
    

      12 of 21","1 of 1
    

      0 of 0","0
    

      0","1:19
    

      0:00"
"Lina Lansberg 


Pannie Kianzad","0
    

      0","3 of 6
    

      5 of 12","50%
    

      41%","9 of 12
    

      20 of 46","0 of 0
    

      1 of 1","0
    

      0","1:03
    

      2:54"
"Lina Lansberg 


Pannie Kianzad","1
    

      0","15 of 30
    

      22 of 45","50%
    

      48%","33 of 48
    

      38 of 61","0 of 3
    

      0 of 0","0
    

      0","1:20
    

      1:24"
"Lina Lansberg 


Pannie Kianzad","0
    

      0","21 of 52
    

      51 of 103","40%
    

      49%","22 of 53
    

      51 of 103","0 of 0
    

      0 of 0","0
    

      0","0:00
    

      0:13"
"Drakkar Klose 


Brandon Jenkins","1
    

      0","66 of 93
    

      15 of 30","70%
    

      50%","67 of 94
    

      25 of 40","2 of 3
    

      0 of 0","0
    

      0","1:55
    

      0:10"
"Drakkar Klose 


Brandon Jenkins","1
    

      0","10 of 15
    

      3 of 8","66%
    

      37%","10 of 15
    

      3 of 8","0 of 0
    

      0 of 0","0
    

      0","0:00
    

      0:00"
"Rafa Garcia 


Jesse Ronson","0
    

      0","26 of 64
    

      23 of 52","40%
    

      44%","32 of 73
    

      25 of 54","1 of 2
    

      0 of 0","0
    

      0","0:35
    

      0:00"
"Rafa Garcia 


Jesse Ronson","0
    

      0","9 of 16
    

      2 of 9","56%
    

      22%","41 of 53
    

      3 of 10","2 of 2
    

      0 of 1","0
    

      0","4:02
    

      0:02"
"Chris Barnett 


Martin Buday","0
    

      0","9 of 24
    

      20 of 29","37%
    

      68%","17 of 32
    

      45 of 58","0 of 0
    

      0 of 0","0
    

      0","0:00
    

      3:15"
"Chris Barnett 


Martin Buday","0
    

      0","10 of 24
    

      25 of 38","41%
    

      65%","20 of 34
    

      66 of 83","0 of 0
    

      0 of 0","0
    

      0","0:17
    

      3:08"
"Chris Barnett 


Martin Buday","0
    

      1","4 of 4
    

      11 of 16","100%
    

      68%","7 of 7
    

      20 of 31","0 of 0
    

      0 of 0","0
    

      0","0:00
    

      1:21"
"Jordan Leavitt 


Trey Ogden","0
    

      0","19 of 25
    

      17 of 30","76%
    

      56%","32 of 44
    

      57 of 71","0 of 0
    

      0 of 0","0
    

      1","2:20
    

      0:10"
"Jordan Leavitt 


Trey Ogden","0
    

      0","46 of 68
    

      16 of 46","67%
    

      34%","52 of 74
    

      17 of 47","0 of 2
    

      0 of 1","0
    

      0","0:00
    

      0:27"
"Jordan Leavitt 


Trey Ogden","0
    

      0","4 of 12
    

      8 of 14","33%
    

      57%","40 of 52
    

      56 of 64","0 of 1
    

      1 of 3","0
    

      0","2:57
    

      1:25"
"Istela Nunes 


Sam Hughes","0
    

      0","40 of 92
    

      15 of 48","43%
    

      31%","40 of 92
    

      15 of 48","0 of 0
    

      0 of 0","0
    

      0","0:00
    

      0:00"
"Istela Nunes 


Sam Hughes","0
    

      0","37 of 98
    

      31 of 76","37%
    

      40%","37 of 98
    

      60 of 105","0 of 0
    

      1 of 4","0
    

      0","0:00
    

      0:35"
"Istela Nunes 


Sam Hughes","0
    

      0","12 of 38
    

      30 of 58","31%
    

      51%","13 of 39
    

      76 of 104","0 of 0
    

      1 of 1","0
    

      0","0:00
    

      2:51"
"Alatengheili 


Kevin Croom","1
    

      0","9 of 17
    

      2 of 12","52%
    

      16%","9 of 17
    

      2 of 12","0 of 0
    

      0 of 0","0
    

      0","0:01
    

      0:00"
"Alexander Volkanovski 


Chan Sung Jung","0
    

      0","37 of 54
    

      15 of 40","68%
    

      37%","40 of 57
    

      16 of 41","1 of 2
    

      0 of 0","0
    

      0","0:47
    

      0:00"
"Alexander Volkanovski 


Chan Sung Jung","0
    

      0","35 of 54
    

      10 of 31","64%
    

      32%","43 of 63
    

      10 of 31","2 of 4
    

      0 of 0","0
    

      0","1:22
    

      0:00"
"Alexander Volkanovski 


Chan Sung Jung","1
    

      0","57 of 93
    

      21 of 50","61%
    

      42%","60 of 96
    

      23 of 52","1 of 2
    

      0 of 0","0
    

      0","0:43
    

      0:00"
"Alexander Volkanovski 


Chan Sung Jung","0
    

      0","9 of 12
    

      2 of 4","75%
    

      50%","9 of 12
    

      2 of 4","0 of 0
    

      0 of 0","0
    

      0","0:00
    

      0:00"
"Aljamain Sterling 


Petr Yan","0
    

      0","19 of 40
    

      13 of 26","47%
    

      50%","20 of 41
    

      13 of 26","0 of 2
    

      0 of 0","0
    

      0","0:00
    

      0:00"
"Aljamain Sterling 


Petr Yan","0
    

      0","17 of 29
    

      4 of 5","58%
    

      80%","42 of 55
    

      21 of 24","1 of 2
    

      0 of 0","0
    

      0","3:50
    

      0:00"
"Aljamain Sterling 


Petr Yan","0
    

      0","6 of 13
    

      8 of 15","46%
    

      53%","8 of 18
    

      20 of 27","1 of 4
    

      0 of 0","0
    

      0","3:43
    

      0:07"
"Aljamain Sterling 


Petr Yan","0
    

      0","8 of 10
    

      18 of 25","80%
    

      72%","8 of 10
    

      48 of 57","0 of 4
    

      0 of 0","0
    

      0","0:00
    

      3:51"
"Aljamain Sterling 


Petr Yan","0
    

      0","12 of 18
    

      20 of 32","66%
    

      62%","13 of 19
    

      37 of 52","0 of 10
    

      0 of 0","0
    

      0","0:58
    

      1:54"
"Gilbert Burns 


Khamzat Chimaev","0
    

      1","18 of 42
    

      27 of 54","42%
    

      50%","29 of 53
    

      39 of 66","0 of 0
    

      1 of 2","0
    

      0","0:00
    

      1:44"
"Gilbert Burns 


Khamzat Chimaev","0
    

      0","56 of 90
    

      37 of 75","62%
    

      49%","63 of 98
    

      41 of 79","0 of 3
    

      1 of 1","0
    

      0","0:02
    

      0:10"
"Gilbert Burns 


Khamzat Chimaev","0
    

      0","45 of 68
    

      44 of 94","66%
    

      46%","49 of 72
    

      44 of 94","0 of 2
    

      0 of 0","0
    

      0","0:04
    

      0:29"
"Mackenzie Dern 


Tecia Pennington","0
    

      0","28 of 80
    

      35 of 62","35%
    

      56%","28 of 80
    

      37 of 64","0 of 1
    

      0 of 0","0
    

      0","0:06
    

      0:43"
"Mackenzie Dern 


Tecia Pennington","0
    

      0","2 of 13
    

      2 of 5","15%
    

      40%","8 of 19
    

      2 of 5","0 of 0
    

      0 of 0","0
    

      0","2:07
    

      2:06"
"Mackenzie Dern 


Tecia Pennington","0
    

      0","20 of 63
    

      39 of 57","31%
    

      68%","22 of 65
    

      39 of 57","0 of 4
    

      0 of 2","0
    

      0","0:11
    

      0:05"
"Vinc Pichel 


Mark Madsen","0
    

      0","24 of 50
    

      18 of 38","48%
    

      47%","24 of 50
    

      18 of 38","0 of 0
    

      1 of 1","0
    

      0","0:03
    

      0:25"
"Vinc Pichel 


Mark Madsen","0
    

      0","22 of 41
    

      13 of 34","53%
    

      38%","25 of 44
    

      15 of 37","1 of 1
    

      1 of 1","0
    

      0","0:29
    

      0:48"
"Vinc Pichel 


Mark Madsen","0
    

      0","22 of 32
    

      8 of 15","68%
    

      53%","39 of 50
    

      24 of 35","0 of 1
    

      1 of 1","0
    

      0","0:16
    

      3:57"
"Ian Machado Garry 


Darian Weeks","0
    

      0","15 of 32
    

      10 of 17","46%
    

      58%","18 of 36
    

      18 of 27","0 of 0
    

      0 of 0","0
    

      0","0:05
    

      1:31"
"Ian Machado Garry 


Darian Weeks","0
    

      0","20 of 42
    

      10 of 21","47%
    

      47%","23 of 45
    

      16 of 27","0 of 0
    

      1 of 2","0
    

      0","0:00
    

      1:11"
"Ian Machado Garry 


Darian Weeks","0
    

      0","39 of 70
    

      20 of 39","55%
    

      51%","39 of 70
    

      26 of 45","0 of 0
    

      0 of 1","0
    

      0","0:34
    

      0:10"
"Anthony Hernandez 


Josh Fremd","0
    

      0","17 of 31
    

      16 of 30","54%
    

      53%","26 of 44
    

      22 of 36","4 of 5
    

      0 of 0","0
    

      0","4:12
    

      0:00"
"Anthony Hernandez 


Josh Fremd","0
    

      0","13 of 17
    

      13 of 20","76%
    

      65%","25 of 31
    

      16 of 23","2 of 4
    

      1 of 1","0
    

      1","1:42
    

      2:37"
"Anthony Hernandez 


Josh Fremd","0
    

      0","18 of 23
    

      2 of 4","78%
    

      50%","40 of 49
    

      5 of 8","2 of 2
    

      0 of 0","0
    

      0","4:51
    

      0:00"
"Aspen Ladd 


Raquel Pennington","0
    

      0","20 of 60
    

      40 of 74","33%
    

      54%","25 of 65
    

      40 of 74","0 of 1
    

      0 of 0","0
    

      0","0:00
    

      0:14"
"Aspen Ladd 


Raquel Pennington","0
    

      0","26 of 68
    

      49 of 82","38%
    

      59%","28 of 70
    

      52 of 85","0 of 0
    

      0 of 1","0
    

      0","0:00
    

      0:51"
"Aspen Ladd 


Raquel Pennington","0
    

      0","19 of 32
    

      25 of 39","59%
    

      64%","49 of 64
    

      44 of 59","2 of 3
    

      0 of 0","0
    

      0","2:56
    

      0:37"
"Mickey Gall 


Mike Malott","0
    

      1","13 of 30
    

      28 of 44","43%
    

      63%","14 of 31
    

      29 of 45","1 of 1
    

      0 of 0","0
    

      0","0:17
    

      0:05"
"Aleksei Oleinik 


Jared Vanderaa","0
    

      0","8 of 22
    

      15 of 40","36%
    

      37%","8 of 22
    

      23 of 49","0 of 0
    

      0 of 0","1
    

      0","0:44
    

      0:54"
"Piera Rodriguez 


Kay Hansen","0
    

      0","13 of 35
    

      17 of 35","37%
    

      48%","16 of 39
    

      22 of 42","0 of 0
    

      2 of 5","0
    

      0","0:00
    

      2:11"
"Piera Rodriguez 


Kay Hansen","0
    

      0","23 of 31
    

      7 of 21","74%
    

      33%","29 of 40
    

      19 of 33","1 of 1
    

      0 of 2","0
    

      0","1:45
    

      1:03"
"Piera Rodriguez 


Kay Hansen","0
    

      0","14 of 22
    

      7 of 21","63%
    

      33%","32 of 45
    

      13 of 31","2 of 3
    

      0 of 1","0
    

      0","3:28
    

      0:00"
"Julio Arce 


Daniel Santos","0
    

      0","39 of 78
    

      17 of 70","50%
    

      24%","39 of 78
    

      17 of 70","0 of 0
    

      0 of 0","0
    

      0","0:00
    

      0:35"
"Julio Arce 


Daniel Santos","0
    

      0","41 of 78
    

      18 of 79","52%
    

      22%","41 of 78
    

      18 of 79","0 of 1
    

      0 of 1","0
    

      0","0:17
    

      0:11"
"Julio Arce 


Daniel Santos","0
    

      0","47 of 109
    

      14 of 80","43%
    

      17%","47 of 109
    

      14 of 80","0 of 0
    

      0 of 1","0
    

      0","0:01
    

      0:00"
